"","V1","V2","V3","V4","V5","V6","V7","V8","V9","V10","V11","V12","V13","V14","V15","V16","V17","V18","V19","V20","V21","V22","V23","V24","V25","V26","V27","V28","V29","V30","V31","V32","V33","V34","V35","V36","V37","V38","V39","V40","V41","V42","V43","V44","V45","V46","V47","V48","V49","V50","V51","V52","V53","V54","V55","V56","V57","V58","V59","V60","V61","V62","V63","V64","V65","V66","V67","V68","V69","V70","V71","V72","V73","V74","V75","V76","V77","V78","V79","V80","V81","V82","V83"
"1",23,31,1,26,5,29,23,26,33,26,1,17,35,40,23,23,23,1,23,40,23,16,16,20,17,2,23,32,14,2,2,21,11,6,7,41,33,29,34,31,7,29,41,3,2,39,18,39,14,4,34,5,4,2,37,4,5,14,32,11,23,29,33,33,29,29,9,33,1,35,8,29,20,38,32,12,32,5,7,12,13,13,39
"2",23,31,1,26,5,29,23,26,33,26,1,17,35,40,23,23,23,1,23,40,23,16,16,20,17,2,23,32,14,2,2,21,11,6,7,41,33,29,34,31,7,29,41,3,2,19,18,19,14,4,34,5,4,2,37,4,5,14,32,11,23,29,33,33,29,29,9,33,1,35,8,29,20,38,32,12,32,5,7,12,13,13,19
"3",15,31,1,26,5,29,23,26,33,15,1,30,35,40,23,30,15,1,36,40,16,16,16,20,15,2,31,32,14,2,2,21,11,6,7,41,33,29,34,31,7,29,41,3,2,39,18,39,14,4,34,5,4,2,37,4,5,14,32,11,15,29,33,33,29,29,9,33,1,35,8,29,20,11,32,12,32,5,7,12,13,13,39
"4",15,31,1,26,5,29,23,26,33,15,1,30,35,40,23,30,15,1,36,40,9,16,16,20,15,2,31,32,14,2,2,21,11,6,7,41,33,29,34,31,7,29,41,3,2,19,18,19,14,4,34,5,4,2,37,4,5,14,32,11,15,29,33,33,29,29,9,33,1,35,8,29,20,11,32,12,32,5,7,12,13,13,19
"5",23,31,1,26,5,29,23,26,33,26,1,17,35,40,23,23,23,1,23,40,23,16,16,20,17,2,23,32,14,2,2,21,11,6,7,41,33,29,34,31,7,29,41,3,2,24,18,24,14,4,34,5,4,2,37,4,5,14,32,11,23,29,33,33,29,29,9,33,1,35,8,29,20,38,32,12,32,5,7,12,13,13,24
"6",15,31,1,26,5,29,23,26,33,15,1,30,35,40,23,30,15,1,36,40,9,16,16,20,15,2,36,32,14,2,2,21,11,6,7,41,33,29,34,31,7,29,41,3,2,19,18,19,14,4,34,5,4,2,37,4,5,14,32,11,15,29,33,33,29,29,9,33,1,35,8,29,20,11,32,12,32,5,7,12,13,13,19
"7",23,31,1,26,5,29,23,26,33,26,1,17,35,40,23,23,23,1,23,40,23,16,16,20,17,2,23,32,14,2,2,21,11,6,7,41,33,29,34,31,7,29,41,3,2,19,18,19,14,4,34,5,4,2,37,4,5,14,32,11,23,29,33,33,29,29,9,33,1,35,8,29,20,38,32,12,32,5,7,12,13,13,19
"8",23,31,1,26,5,29,23,26,33,26,1,17,35,40,23,23,23,1,23,40,23,16,16,20,17,2,23,32,14,2,2,21,11,6,7,41,33,29,34,31,7,29,41,3,2,19,18,19,14,4,34,5,4,2,37,4,5,14,32,11,23,29,33,33,29,29,9,33,1,35,8,29,20,38,32,12,32,5,7,12,13,13,19
"9",23,31,1,26,5,29,23,26,33,26,1,17,35,40,23,23,23,1,23,40,23,16,16,20,17,2,23,32,14,2,2,21,11,6,7,41,33,29,34,31,7,29,41,3,2,39,18,39,14,4,34,5,4,2,37,4,5,14,32,11,23,29,33,33,29,29,9,33,1,35,8,29,20,38,32,12,32,5,7,12,13,13,39
"10",23,31,1,26,5,29,23,26,33,26,1,17,35,40,23,23,23,1,23,40,23,16,16,20,17,2,23,32,14,2,2,21,11,6,7,41,33,29,34,31,7,29,41,3,2,19,18,19,14,4,34,5,4,2,37,4,5,14,32,11,23,29,33,33,29,29,9,33,1,35,8,29,20,38,32,12,32,5,7,12,13,13,19
"11",15,31,1,26,5,29,23,26,33,15,1,30,35,40,23,30,15,1,36,40,9,16,16,20,15,2,31,32,14,2,2,21,11,6,7,41,33,29,34,31,7,29,41,3,2,39,18,39,14,4,34,5,4,2,37,4,5,14,32,11,15,29,33,33,29,29,9,33,1,35,8,29,20,11,32,12,32,5,7,12,13,13,39
"12",23,31,1,26,5,29,23,26,33,26,1,17,35,40,23,23,23,1,23,40,23,16,16,20,17,2,23,32,14,2,2,21,11,6,7,41,33,29,34,31,7,29,41,3,2,39,18,39,14,4,34,5,4,2,37,4,5,14,32,11,23,29,33,33,29,29,9,33,1,35,8,29,20,38,32,12,32,5,7,12,13,13,39
"13",23,31,1,26,5,29,23,26,33,26,1,17,35,40,23,23,23,1,23,40,23,16,16,20,17,2,23,32,14,2,2,21,11,6,7,41,33,29,34,31,7,29,41,3,2,19,18,19,14,4,34,5,4,2,37,4,5,14,32,11,23,29,33,33,29,29,9,33,1,35,8,29,20,38,32,12,32,5,7,12,13,13,19
"14",23,31,1,26,5,29,23,26,33,26,1,17,35,40,23,23,23,1,23,40,23,16,16,20,17,2,23,32,14,2,2,21,11,6,7,41,33,29,34,31,7,29,41,3,2,39,18,39,14,4,34,5,4,2,37,4,5,14,32,11,23,29,33,33,29,29,9,33,1,35,8,29,20,38,32,12,32,5,7,12,13,13,39
"15",23,31,1,26,5,29,23,26,33,26,1,17,35,40,23,23,23,1,23,40,23,16,16,20,17,2,23,32,14,2,2,21,11,6,7,41,33,29,34,31,7,29,41,3,2,39,18,39,14,4,34,5,4,2,37,4,5,14,32,11,23,29,33,33,29,29,9,33,1,35,8,29,20,38,32,12,32,5,7,12,13,13,39
"16",15,31,1,26,5,29,23,26,33,15,1,30,35,40,23,30,15,1,36,40,16,16,16,20,15,2,36,32,14,2,2,21,11,6,7,41,33,29,34,31,7,29,41,3,2,24,18,24,14,4,34,5,4,2,37,4,5,14,32,11,15,29,33,33,29,29,9,33,1,35,8,29,20,11,32,12,32,5,7,12,13,13,24
"17",15,31,1,26,5,29,23,26,33,15,1,30,35,40,23,30,15,1,36,40,16,16,16,20,15,2,36,32,14,2,2,21,11,6,7,41,33,29,34,31,7,29,41,3,2,24,18,24,14,4,34,5,4,2,37,4,5,14,32,11,15,29,33,33,29,29,9,33,1,35,8,29,20,11,32,12,32,5,7,12,13,13,24
"18",23,31,1,26,5,29,23,26,33,26,1,17,35,40,23,23,23,1,23,40,23,16,16,20,17,2,23,32,14,2,2,21,11,6,7,41,33,29,34,31,7,29,41,3,2,24,18,24,14,4,34,5,4,2,37,4,5,14,32,11,23,29,33,33,29,29,9,33,1,35,8,29,20,38,32,12,32,5,7,12,13,13,24
"19",23,31,1,26,5,29,23,26,33,26,1,17,35,40,23,23,23,1,23,40,23,16,16,20,17,2,23,32,14,2,2,21,11,6,7,41,33,29,34,31,7,29,41,3,2,39,18,39,14,4,34,5,4,2,37,4,5,14,32,11,23,29,33,33,29,29,9,33,1,35,8,29,20,38,32,12,32,5,7,12,13,13,39
"20",23,31,1,26,5,29,23,26,33,26,1,17,35,40,23,23,23,1,23,40,23,16,16,20,17,2,23,32,14,2,2,21,11,6,7,41,33,29,34,31,7,29,41,3,2,39,18,39,14,4,34,5,4,2,37,4,5,14,32,11,23,29,33,33,29,29,9,33,1,35,8,29,20,38,32,12,32,5,7,12,13,13,39
"21",15,31,1,26,5,29,23,26,33,15,1,30,35,40,23,30,15,1,36,40,9,16,16,20,15,2,36,32,14,2,2,21,11,6,7,41,33,29,34,31,7,29,41,3,2,24,18,24,14,4,34,5,4,2,37,4,5,14,32,11,15,29,33,33,29,29,9,33,1,35,8,29,20,11,32,12,32,5,7,12,13,13,24
"22",15,31,1,26,5,29,23,26,33,15,1,30,35,40,23,30,15,1,36,40,9,16,16,20,15,2,31,32,14,2,2,21,11,6,7,41,33,29,34,31,7,29,41,3,2,24,18,24,14,4,34,5,4,2,37,4,5,14,32,11,15,29,33,33,29,29,9,33,1,35,8,29,20,11,32,12,32,5,7,12,13,13,24
"23",15,31,1,26,5,29,23,26,33,15,1,30,35,40,23,30,15,1,36,40,9,16,16,20,15,2,36,32,14,2,2,21,11,6,7,41,33,29,34,31,7,29,41,3,2,39,18,39,14,4,34,5,4,2,37,4,5,14,32,11,15,29,33,33,29,29,9,33,1,35,8,29,20,11,32,12,32,5,7,12,13,13,39
"24",23,31,1,26,5,29,23,26,33,26,1,17,35,40,23,23,23,1,23,40,23,16,16,20,17,2,23,32,14,2,2,21,11,6,7,41,33,29,34,31,7,29,41,3,2,39,18,39,14,4,34,5,4,2,37,4,5,14,32,11,23,29,33,33,29,29,9,33,1,35,8,29,20,38,32,12,32,5,7,12,13,13,39
"25",23,31,1,26,5,29,23,26,33,26,1,17,35,40,23,23,23,1,23,40,23,16,16,20,17,2,23,32,14,2,2,21,11,6,7,41,33,29,34,31,7,29,41,3,2,39,18,39,14,4,34,5,4,2,37,4,5,14,32,11,23,29,33,33,29,29,9,33,1,35,8,29,20,38,32,12,32,5,7,12,13,13,39
"26",23,31,1,26,5,29,23,26,33,26,1,17,35,40,23,23,23,1,23,40,23,16,16,20,17,2,23,32,14,2,2,21,11,6,7,41,33,29,34,31,7,29,41,3,2,39,18,39,14,4,34,5,4,2,37,4,5,14,32,11,23,29,33,33,29,29,9,33,1,35,8,29,20,38,32,12,32,5,7,12,13,13,39
"27",15,31,1,26,5,29,23,26,33,15,1,30,35,40,23,30,15,1,36,40,9,16,16,20,15,2,31,32,14,2,2,21,11,6,7,41,33,29,34,31,7,29,41,3,2,39,18,39,14,4,34,5,4,2,37,4,5,14,32,11,15,29,33,33,29,29,9,33,1,35,8,29,20,11,32,12,32,5,7,12,13,13,39
"28",23,31,1,26,5,29,23,26,33,26,1,17,35,40,23,23,23,1,23,40,23,16,16,20,17,2,23,32,14,2,2,21,11,6,7,41,33,29,34,31,7,29,41,3,2,24,18,24,14,4,34,5,4,2,37,4,5,14,32,11,23,29,33,33,29,29,9,33,1,35,8,29,20,38,32,12,32,5,7,12,13,13,24
"29",23,31,1,26,5,29,23,26,33,26,1,17,35,40,23,23,23,1,23,40,23,16,16,20,17,2,23,32,14,2,2,21,11,6,7,41,33,29,34,31,7,29,41,3,2,39,18,39,14,4,34,5,4,2,37,4,5,14,32,11,23,29,33,33,29,29,9,33,1,35,8,29,20,38,32,12,32,5,7,12,13,13,39
"30",23,31,1,26,5,29,23,26,33,26,1,17,35,40,23,23,23,1,23,40,23,16,16,20,17,2,23,32,14,2,2,21,11,6,7,41,33,29,34,31,7,29,41,3,2,39,18,39,14,4,34,5,4,2,37,4,5,14,32,11,23,29,33,33,29,29,9,33,1,35,8,29,20,38,32,12,32,5,7,12,13,13,39
"31",15,31,1,26,5,29,23,26,33,15,1,30,35,40,23,30,15,1,36,40,9,16,16,20,15,2,31,32,14,2,2,21,11,6,7,41,33,29,34,31,7,29,41,3,2,39,18,39,14,4,34,5,4,2,37,4,5,14,32,11,15,29,33,33,29,29,9,33,1,35,8,29,20,11,32,12,32,5,7,12,13,13,39
"32",23,31,1,26,5,29,23,26,33,26,1,17,35,40,23,23,23,1,23,40,23,16,16,20,17,2,23,32,14,2,2,21,11,6,7,41,33,29,34,31,7,29,41,3,2,24,18,24,14,4,34,5,4,2,37,4,5,14,32,11,23,29,33,33,29,29,9,33,1,35,8,29,20,38,32,12,32,5,7,12,13,13,24
"33",23,31,1,26,5,29,23,26,33,26,1,17,35,40,23,23,23,1,23,40,23,16,16,20,17,2,23,32,14,2,2,21,11,6,7,41,33,29,34,31,7,29,41,3,2,24,18,24,14,4,34,5,4,2,37,4,5,14,32,11,23,29,33,33,29,29,9,33,1,35,8,29,20,38,32,12,32,5,7,12,13,13,24
"34",23,31,1,26,5,29,23,26,33,26,1,17,35,40,23,23,23,1,23,40,23,16,16,20,17,2,23,32,14,2,2,21,11,6,7,41,33,29,34,31,7,29,41,3,2,19,18,19,14,4,34,5,4,2,37,4,5,14,32,11,23,29,33,33,29,29,9,33,1,35,8,29,20,38,32,12,32,5,7,12,13,13,19
"35",15,31,1,26,5,29,23,26,33,15,1,30,35,40,23,30,15,1,36,40,9,16,16,20,15,2,31,32,14,2,2,21,11,6,7,41,33,29,34,31,7,29,41,3,2,19,18,19,14,4,34,5,4,2,37,4,5,14,32,11,15,29,33,33,29,29,9,33,1,35,8,29,20,11,32,12,32,5,7,12,13,13,19
"36",23,31,1,26,5,29,23,26,33,26,1,17,35,40,23,23,23,1,23,40,23,16,16,20,17,2,23,32,14,2,2,21,11,6,7,41,33,29,34,31,7,29,41,3,2,24,18,24,14,4,34,5,4,2,37,4,5,14,32,11,23,29,33,33,29,29,9,33,1,35,8,29,20,38,32,12,32,5,7,12,13,13,24
"37",23,31,1,26,5,29,23,26,33,26,1,17,35,40,23,23,23,1,23,40,23,16,16,20,17,2,23,32,14,2,2,21,11,6,7,41,33,29,34,31,7,29,41,3,2,19,18,19,14,4,34,5,4,2,37,4,5,14,32,11,23,29,33,33,29,29,9,33,1,35,8,29,20,38,32,12,32,5,7,12,13,13,19
"38",23,31,1,26,5,29,23,26,33,26,1,17,35,40,23,23,23,1,23,40,23,16,16,20,17,2,23,32,14,2,2,21,11,6,7,41,33,29,34,31,7,29,41,3,2,24,18,24,14,4,34,5,4,2,37,4,5,14,32,11,23,29,33,33,29,29,9,33,1,35,8,29,20,38,32,12,32,5,7,12,13,13,24
"39",23,31,1,26,5,29,23,26,33,26,1,17,35,40,23,23,23,1,23,40,23,16,16,20,17,2,23,32,14,2,2,21,11,6,7,41,33,29,34,31,7,29,41,3,2,39,18,39,14,4,34,5,4,2,37,4,5,14,32,11,23,29,33,33,29,29,9,33,1,35,8,29,20,38,32,12,32,5,7,12,13,13,39
"40",15,31,1,26,5,29,23,26,33,15,1,30,35,40,23,30,15,1,36,40,9,16,16,20,15,2,36,32,14,2,2,21,11,6,7,41,33,29,34,31,7,29,41,3,2,39,18,39,14,4,34,5,4,2,37,4,5,14,32,11,15,29,33,33,29,29,9,33,1,35,8,29,20,11,32,12,32,5,7,12,13,13,39
"41",15,31,1,26,5,29,23,26,33,15,1,30,35,40,23,30,15,1,36,40,9,16,16,20,15,2,36,32,14,2,2,21,11,6,7,41,33,29,34,31,7,29,41,3,2,24,18,24,14,4,34,5,4,2,37,4,5,14,32,11,15,29,33,33,29,29,9,33,1,35,8,29,20,11,32,12,32,5,7,12,13,13,24
"42",15,31,1,26,5,29,23,26,33,15,1,30,35,40,23,30,15,1,36,40,16,16,16,20,15,2,36,32,14,2,2,21,11,6,7,41,33,29,34,31,7,29,41,3,2,39,18,39,14,4,34,5,4,2,37,4,5,14,32,11,15,29,33,33,29,29,9,33,1,35,8,29,20,11,32,12,32,5,7,12,13,13,39
"43",15,31,1,26,5,29,23,26,33,15,1,30,35,40,23,30,15,1,36,40,9,16,16,20,15,2,31,32,14,2,2,21,11,6,7,41,33,29,34,31,7,29,41,3,2,24,18,24,14,4,34,5,4,2,37,4,5,14,32,11,15,29,33,33,29,29,9,33,1,35,8,29,20,11,32,12,32,5,7,12,13,13,24
"44",23,31,1,26,5,29,23,26,33,26,1,17,35,40,23,23,23,1,23,40,23,16,16,20,17,2,23,32,14,2,2,21,11,6,7,41,33,29,34,31,7,29,41,3,2,39,18,39,14,4,34,5,4,2,37,4,5,14,32,11,23,29,33,33,29,29,9,33,1,35,8,29,20,38,32,12,32,5,7,12,13,13,39
"45",23,31,1,26,5,29,23,26,33,26,1,17,35,40,23,23,23,1,23,40,23,16,16,20,17,2,23,32,14,2,2,21,11,6,7,41,33,29,34,31,7,29,41,3,2,39,18,39,14,4,34,5,4,2,37,4,5,14,32,11,23,29,33,33,29,29,9,33,1,35,8,29,20,38,32,12,32,5,7,12,13,13,39
"46",23,31,1,26,5,29,23,26,33,26,1,17,35,40,23,23,23,1,23,40,23,16,16,20,17,2,23,32,14,2,2,21,11,6,7,41,33,29,34,31,7,29,41,3,2,19,18,19,14,4,34,5,4,2,37,4,5,14,32,11,23,29,33,33,29,29,9,33,1,35,8,29,20,38,32,12,32,5,7,12,13,13,19
"47",15,31,1,26,5,29,23,26,33,15,1,30,35,40,23,30,15,1,36,40,16,16,16,20,15,2,31,32,14,2,2,21,11,6,7,41,33,29,34,31,7,29,41,3,2,39,18,39,14,4,34,5,4,2,37,4,5,14,32,11,15,29,33,33,29,29,9,33,1,35,8,29,20,11,32,12,32,5,7,12,13,13,39
"48",23,31,1,26,5,29,23,26,33,26,1,17,35,40,23,23,23,1,23,40,23,16,16,20,17,2,23,32,14,2,2,21,11,6,7,41,33,29,34,31,7,29,41,3,2,39,18,39,14,4,34,5,4,2,37,4,5,14,32,11,23,29,33,33,29,29,9,33,1,35,8,29,20,38,32,12,32,5,7,12,13,13,39
"49",23,31,1,26,5,29,23,26,33,26,1,17,35,40,23,23,23,1,23,40,23,16,16,20,17,2,23,32,14,2,2,21,11,6,7,41,33,29,34,31,7,29,41,3,2,39,18,39,14,4,34,5,4,2,37,4,5,14,32,11,23,29,33,33,29,29,9,33,1,35,8,29,20,38,32,12,32,5,7,12,13,13,39
"50",15,31,1,26,5,29,23,26,33,15,1,30,35,40,23,30,15,1,36,40,9,16,16,20,15,2,36,32,14,2,2,21,11,6,7,41,33,29,34,31,7,29,41,3,2,39,18,39,14,4,34,5,4,2,37,4,5,14,32,11,15,29,33,33,29,29,9,33,1,35,8,29,20,11,32,12,32,5,7,12,13,13,39
"51",15,31,1,26,5,29,23,26,33,15,1,30,35,40,23,30,15,1,36,40,16,16,16,20,15,2,31,32,14,2,2,21,11,6,7,41,33,29,34,31,7,29,41,3,2,19,18,19,14,4,34,5,4,2,37,4,5,14,32,11,15,29,33,33,29,29,9,33,1,35,8,29,20,11,32,12,32,5,7,12,13,13,19
"52",15,31,1,26,5,29,23,26,33,15,1,30,35,40,23,30,15,1,36,40,9,16,16,20,15,2,31,32,14,2,2,21,11,6,7,41,33,29,34,31,7,29,41,3,2,24,18,24,14,4,34,5,4,2,37,4,5,14,32,11,15,29,33,33,29,29,9,33,1,35,8,29,20,11,32,12,32,5,7,12,13,13,24
"53",15,31,1,26,5,29,23,26,33,15,1,30,35,40,23,30,15,1,36,40,16,16,16,20,15,2,31,32,14,2,2,21,11,6,7,41,33,29,34,31,7,29,41,3,2,24,18,24,14,4,34,5,4,2,37,4,5,14,32,11,15,29,33,33,29,29,9,33,1,35,8,29,20,11,32,12,32,5,7,12,13,13,24
"54",23,31,1,26,5,29,23,26,33,26,1,17,35,40,23,23,23,1,23,40,23,16,16,20,17,2,23,32,14,2,2,21,11,6,7,41,33,29,34,31,7,29,41,3,2,39,18,39,14,4,34,5,4,2,37,4,5,14,32,11,23,29,33,33,29,29,9,33,1,35,8,29,20,38,32,12,32,5,7,12,13,13,39
"55",15,31,1,26,5,29,23,26,33,15,1,30,35,40,23,30,15,1,36,40,16,16,16,20,15,2,36,32,14,2,2,21,11,6,7,41,33,29,34,31,7,29,41,3,2,39,18,39,14,4,34,5,4,2,37,4,5,14,32,11,15,29,33,33,29,29,9,33,1,35,8,29,20,11,32,12,32,5,7,12,13,13,39
"56",15,31,1,26,5,29,23,26,33,15,1,30,35,40,23,30,15,1,36,40,9,16,16,20,15,2,31,32,14,2,2,21,11,6,7,41,33,29,34,31,7,29,41,3,2,19,18,19,14,4,34,5,4,2,37,4,5,14,32,11,15,29,33,33,29,29,9,33,1,35,8,29,20,11,32,12,32,5,7,12,13,13,19
"57",15,31,1,26,5,29,23,26,33,15,1,30,35,40,23,30,15,1,36,40,16,16,16,20,15,2,31,32,14,2,2,21,11,6,7,41,33,29,34,31,7,29,41,3,2,19,18,19,14,4,34,5,4,2,37,4,5,14,32,11,15,29,33,33,29,29,9,33,1,35,8,29,20,11,32,12,32,5,7,12,13,13,19
"58",15,31,1,26,5,29,23,26,33,15,1,30,35,40,23,30,15,1,36,40,16,16,16,20,15,2,31,32,14,2,2,21,11,6,7,41,33,29,34,31,7,29,41,3,2,39,18,39,14,4,34,5,4,2,37,4,5,14,32,11,15,29,33,33,29,29,9,33,1,35,8,29,20,11,32,12,32,5,7,12,13,13,39
"59",15,31,1,26,5,29,23,26,33,15,1,30,35,40,23,30,15,1,36,40,16,16,16,20,15,2,36,32,14,2,2,21,11,6,7,41,33,29,34,31,7,29,41,3,2,19,18,19,14,4,34,5,4,2,37,4,5,14,32,11,15,29,33,33,29,29,9,33,1,35,8,29,20,11,32,12,32,5,7,12,13,13,19
"60",15,31,1,26,5,29,23,26,33,15,1,30,35,40,23,30,15,1,36,40,9,16,16,20,15,2,31,32,14,2,2,21,11,6,7,41,33,29,34,31,7,29,41,3,2,39,18,39,14,4,34,5,4,2,37,4,5,14,32,11,15,29,33,33,29,29,9,33,1,35,8,29,20,11,32,12,32,5,7,12,13,13,39
"61",23,31,1,26,5,29,23,26,33,26,1,17,35,40,23,23,23,1,23,40,23,16,16,20,17,2,23,32,14,2,2,21,11,6,7,41,33,29,34,31,7,29,41,3,2,19,18,19,14,4,34,5,4,2,37,4,5,14,32,11,23,29,33,33,29,29,9,33,1,35,8,29,20,38,32,12,32,5,7,12,13,13,19
"62",15,31,1,26,5,29,23,26,33,15,1,30,35,40,23,30,15,1,36,40,9,16,16,20,15,2,36,32,14,2,2,21,11,6,7,41,33,29,34,31,7,29,41,3,2,24,18,24,14,4,34,5,4,2,37,4,5,14,32,11,15,29,33,33,29,29,9,33,1,35,8,29,20,11,32,12,32,5,7,12,13,13,24
"63",15,31,1,26,5,29,23,26,33,15,1,30,35,40,23,30,15,1,36,40,9,16,16,20,15,2,31,32,14,2,2,21,11,6,7,41,33,29,34,31,7,29,41,3,2,39,18,39,14,4,34,5,4,2,37,4,5,14,32,11,15,29,33,33,29,29,9,33,1,35,8,29,20,11,32,12,32,5,7,12,13,13,39
"64",23,31,1,26,5,29,23,26,33,26,1,17,35,40,23,23,23,1,23,40,23,16,16,20,17,2,23,32,14,2,2,21,11,6,7,41,33,29,34,31,7,29,41,3,2,39,18,39,14,4,34,5,4,2,37,4,5,14,32,11,23,29,33,33,29,29,9,33,1,35,8,29,20,38,32,12,32,5,7,12,13,13,39
"65",23,31,1,26,5,29,23,26,33,26,1,17,35,40,23,23,23,1,23,40,23,16,16,20,17,2,23,32,14,2,2,21,11,6,7,41,33,29,34,31,7,29,41,3,2,24,18,24,14,4,34,5,4,2,37,4,5,14,32,11,23,29,33,33,29,29,9,33,1,35,8,29,20,38,32,12,32,5,7,12,13,13,24
"66",23,31,1,26,5,29,23,26,33,26,1,17,35,40,23,23,23,1,23,40,23,16,16,20,17,2,23,32,14,2,2,21,11,6,7,41,33,29,34,31,7,29,41,3,2,39,18,39,14,4,34,5,4,2,37,4,5,14,32,11,23,29,33,33,29,29,9,33,1,35,8,29,20,38,32,12,32,5,7,12,13,13,39
"67",15,31,1,26,5,29,23,26,33,15,1,30,35,40,23,30,15,1,36,40,25,16,16,20,15,2,36,32,14,2,2,21,11,6,7,41,33,29,34,31,7,29,41,3,2,39,18,39,14,4,34,5,4,2,37,4,5,14,32,11,15,29,33,33,29,29,9,33,1,35,8,29,20,11,32,12,32,5,7,12,13,13,39
"68",23,31,1,26,5,29,23,26,33,26,1,17,35,40,23,23,23,1,23,40,23,16,16,20,17,2,23,32,14,2,2,21,11,6,7,41,33,29,34,31,7,29,41,3,2,39,18,39,14,4,34,5,4,2,37,4,5,14,32,11,23,29,33,33,29,29,9,33,1,35,8,29,20,38,32,12,32,5,7,12,13,13,39
"69",15,31,1,26,5,29,23,26,33,15,1,30,35,40,23,30,15,1,36,40,9,16,16,20,15,2,36,32,14,2,2,21,11,6,7,41,33,29,34,31,7,29,41,3,2,19,18,19,14,4,34,5,4,2,37,4,5,14,32,11,15,29,33,33,29,29,9,33,1,35,8,29,20,11,32,12,32,5,7,12,13,13,19
"70",23,31,1,26,5,29,23,26,33,26,1,17,35,40,23,23,23,1,23,40,23,16,16,20,17,2,23,32,14,2,2,21,11,6,7,41,33,29,34,31,7,29,41,3,2,39,18,39,14,4,34,5,4,2,37,4,5,14,32,11,23,29,33,33,29,29,9,33,1,35,8,29,20,38,32,12,32,5,7,12,13,13,39
"71",23,31,1,26,5,29,23,26,33,26,1,17,35,40,23,23,23,1,23,40,23,16,16,20,17,2,23,32,14,2,2,21,11,6,7,41,33,29,34,31,7,29,41,3,2,24,18,24,14,4,34,5,4,2,37,4,5,14,32,11,23,29,33,33,29,29,9,33,1,35,8,29,20,38,32,12,32,5,7,12,13,13,24
"72",23,31,1,26,5,29,23,26,33,26,1,17,35,40,23,23,23,1,23,40,23,16,16,20,17,2,23,32,14,2,2,21,11,6,7,41,33,29,34,31,7,29,41,3,2,24,18,24,14,4,34,5,4,2,37,4,5,14,32,11,23,29,33,33,29,29,9,33,1,35,8,29,20,38,32,12,32,5,7,12,13,13,24
"73",15,31,1,26,5,29,23,26,33,15,1,30,35,40,23,30,15,1,36,40,9,16,16,20,15,2,36,32,14,2,2,21,11,6,7,41,33,29,34,31,7,29,41,3,2,39,18,39,14,4,34,5,4,2,37,4,5,14,32,11,15,29,33,33,29,29,9,33,1,35,8,29,20,11,32,12,32,5,7,12,13,13,39
"74",23,31,1,26,5,29,23,26,33,26,1,17,35,40,23,23,23,1,23,40,23,16,16,20,17,2,23,32,14,2,2,21,11,6,7,41,33,29,34,31,7,29,41,3,2,24,18,24,14,4,34,5,4,2,37,4,5,14,32,11,23,29,33,33,29,29,9,33,1,35,8,29,20,38,32,12,32,5,7,12,13,13,24
"75",15,31,1,26,5,29,23,26,33,15,1,30,35,40,23,30,15,1,36,40,9,16,16,20,15,2,31,32,14,2,2,21,11,6,7,41,33,29,34,31,7,29,41,3,2,24,18,24,14,4,34,5,4,2,37,4,5,14,32,11,15,29,33,33,29,29,9,33,1,35,8,29,20,11,32,12,32,5,7,12,13,13,24
"76",23,31,1,26,5,29,23,26,33,26,1,17,35,40,23,23,23,1,23,40,23,16,16,20,17,2,23,32,14,2,2,21,11,6,7,41,33,29,34,31,7,29,41,3,2,39,18,39,14,4,34,5,4,2,37,4,5,14,32,11,23,29,33,33,29,29,9,33,1,35,8,29,20,38,32,12,32,5,7,12,13,13,39
"77",15,31,1,26,5,29,23,26,33,15,1,30,35,40,23,30,15,1,36,40,9,16,16,20,15,2,31,32,14,2,2,21,11,6,7,41,33,29,34,31,7,29,41,3,2,39,18,39,14,4,34,5,4,2,37,4,5,14,32,11,15,29,33,33,29,29,9,33,1,35,8,29,20,11,32,12,32,5,7,12,13,13,39
"78",23,31,1,26,5,29,23,26,33,26,1,17,35,40,23,23,23,1,23,40,23,16,16,20,17,2,23,32,14,2,2,21,11,6,7,41,33,29,34,31,7,29,41,3,2,39,18,39,14,4,34,5,4,2,37,4,5,14,32,11,23,29,33,33,29,29,9,33,1,35,8,29,20,38,32,12,32,5,7,12,13,13,39
"79",23,31,1,26,5,29,23,26,33,26,1,17,35,40,23,23,23,1,23,40,23,16,16,20,17,2,23,32,14,2,2,21,11,6,7,41,33,29,34,31,7,29,41,3,2,39,18,39,14,4,34,5,4,2,37,4,5,14,32,11,23,29,33,33,29,29,9,33,1,35,8,29,20,38,32,12,32,5,7,12,13,13,39
"80",15,31,1,26,5,29,23,26,33,15,1,30,35,40,23,30,15,1,36,40,16,16,16,20,15,2,31,32,14,2,2,21,11,6,7,41,33,29,34,31,7,29,41,3,2,39,18,39,14,4,34,5,4,2,37,4,5,14,32,11,15,29,33,33,29,29,9,33,1,35,8,29,20,11,32,12,32,5,7,12,13,13,39
"81",23,31,1,26,5,29,23,26,33,26,1,17,35,40,23,23,23,1,23,40,23,16,16,20,17,2,23,32,14,2,2,21,11,6,7,41,33,29,34,31,7,29,41,3,2,39,18,39,14,4,34,5,4,2,37,4,5,14,32,11,23,29,33,33,29,29,9,33,1,35,8,29,20,38,32,12,32,5,7,12,13,13,39
"82",15,31,1,26,5,29,23,26,33,15,1,30,35,40,23,30,15,1,36,40,9,16,16,20,15,2,31,32,14,2,2,21,11,6,7,41,33,29,34,31,7,29,41,3,2,24,18,24,14,4,34,5,4,2,37,4,5,14,32,11,15,29,33,33,29,29,9,33,1,35,8,29,20,11,32,12,32,5,7,12,13,13,24
"83",15,31,1,26,5,29,23,26,33,15,1,30,35,40,23,30,15,1,36,40,9,16,16,20,15,2,31,32,14,2,2,21,11,6,7,41,33,29,34,31,7,29,41,3,2,24,18,24,14,4,34,5,4,2,37,4,5,14,32,11,15,29,33,33,29,29,9,33,1,35,8,29,20,11,32,12,32,5,7,12,13,13,24
"84",23,31,1,26,5,29,23,26,33,26,1,17,35,40,23,23,23,1,23,40,23,16,16,20,17,2,23,32,14,2,2,21,11,6,7,41,33,29,34,31,7,29,41,3,2,19,18,19,14,4,34,5,4,2,37,4,5,14,32,11,23,29,33,33,29,29,9,33,1,35,8,29,20,38,32,12,32,5,7,12,13,13,19
"85",15,31,1,26,5,29,23,26,33,15,1,30,35,40,23,30,15,1,36,40,25,16,16,20,15,2,31,32,14,2,2,21,11,6,7,41,33,29,34,31,7,29,41,3,2,39,18,39,14,4,34,5,4,2,37,4,5,14,32,11,15,29,33,33,29,29,9,33,1,35,8,29,20,11,32,12,32,5,7,12,13,13,39
"86",15,31,1,26,5,29,23,26,33,15,1,30,35,40,23,30,15,1,36,40,16,16,16,20,15,2,31,32,14,2,2,21,11,6,7,41,33,29,34,31,7,29,41,3,2,19,18,19,14,4,34,5,4,2,37,4,5,14,32,11,15,29,33,33,29,29,9,33,1,35,8,29,20,11,32,12,32,5,7,12,13,13,19
"87",15,31,1,26,5,29,23,26,33,15,1,30,35,40,23,30,15,1,36,40,16,16,16,20,15,2,31,32,14,2,2,21,11,6,7,41,33,29,34,31,7,29,41,3,2,39,18,39,14,4,34,5,4,2,37,4,5,14,32,11,15,29,33,33,29,29,9,33,1,35,8,29,20,11,32,12,32,5,7,12,13,13,39
"88",15,31,1,26,5,29,23,26,33,15,1,30,35,40,23,30,15,1,36,40,16,16,16,20,15,2,36,32,14,2,2,21,11,6,7,41,33,29,34,31,7,29,41,3,2,39,18,39,14,4,34,5,4,2,37,4,5,14,32,11,15,29,33,33,29,29,9,33,1,35,8,29,20,11,32,12,32,5,7,12,13,13,39
"89",23,31,1,26,5,29,23,26,33,26,1,17,35,40,23,23,23,1,23,40,23,16,16,20,17,2,23,32,14,2,2,21,11,6,7,41,33,29,34,31,7,29,41,3,2,39,18,39,14,4,34,5,4,2,37,4,5,14,32,11,23,29,33,33,29,29,9,33,1,35,8,29,20,38,32,12,32,5,7,12,13,13,39
"90",15,31,1,26,5,29,23,26,33,15,1,30,35,40,23,30,15,1,36,40,9,16,16,20,15,2,31,32,14,2,2,21,11,6,7,41,33,29,34,31,7,29,41,3,2,24,18,24,14,4,34,5,4,2,37,4,5,14,32,11,15,29,33,33,29,29,9,33,1,35,8,29,20,11,32,12,32,5,7,12,13,13,24
"91",23,31,1,26,5,29,23,26,33,26,1,17,35,40,23,23,23,1,23,40,23,16,16,20,17,2,23,32,14,2,2,21,11,6,7,41,33,29,34,31,7,29,41,3,2,39,18,39,14,4,34,5,4,2,37,4,5,14,32,11,23,29,33,33,29,29,9,33,1,35,8,29,20,38,32,12,32,5,7,12,13,13,39
"92",23,31,1,26,5,29,23,26,33,26,1,17,35,40,23,23,23,1,23,40,23,16,16,20,17,2,23,32,14,2,2,21,11,6,7,41,33,29,34,31,7,29,41,3,2,39,18,39,14,4,34,5,4,2,37,4,5,14,32,11,23,29,33,33,29,29,9,33,1,35,8,29,20,38,32,12,32,5,7,12,13,13,39
"93",15,31,1,26,5,29,23,26,33,15,1,30,35,40,23,30,15,1,36,40,9,16,16,20,15,2,31,32,14,2,2,21,11,6,7,41,33,29,34,31,7,29,41,3,2,39,18,39,14,4,34,5,4,2,37,4,5,14,32,11,15,29,33,33,29,29,9,33,1,35,8,29,20,11,32,12,32,5,7,12,13,13,39
"94",23,31,1,26,5,29,23,26,33,26,1,17,35,40,23,23,23,1,23,40,23,16,16,20,17,2,23,32,14,2,2,21,11,6,7,41,33,29,34,31,7,29,41,3,2,24,18,24,14,4,34,5,4,2,37,4,5,14,32,11,23,29,33,33,29,29,9,33,1,35,8,29,20,38,32,12,32,5,7,12,13,13,24
"95",15,31,1,26,5,29,23,26,33,15,1,30,35,40,23,30,15,1,36,40,16,16,16,20,15,2,31,32,14,2,2,21,11,6,7,41,33,29,34,31,7,29,41,3,2,19,18,19,14,4,34,5,4,2,37,4,5,14,32,11,15,29,33,33,29,29,9,33,1,35,8,29,20,11,32,12,32,5,7,12,13,13,19
"96",23,31,1,26,5,29,23,26,33,26,1,17,35,40,23,23,23,1,23,40,23,16,16,20,17,2,23,32,14,2,2,21,11,6,7,41,33,29,34,31,7,29,41,3,2,19,18,19,14,4,34,5,4,2,37,4,5,14,32,11,23,29,33,33,29,29,9,33,1,35,8,29,20,38,32,12,32,5,7,12,13,13,19
"97",23,31,1,26,5,29,23,26,33,26,1,17,35,40,23,23,23,1,23,40,23,16,16,20,17,2,23,32,14,2,2,21,11,6,7,41,33,29,34,31,7,29,41,3,2,19,18,19,14,4,34,5,4,2,37,4,5,14,32,11,23,29,33,33,29,29,9,33,1,35,8,29,20,38,32,12,32,5,7,12,13,13,19
"98",23,31,1,26,5,29,23,26,33,26,1,17,35,40,23,23,23,1,23,40,23,16,16,20,17,2,23,32,14,2,2,21,11,6,7,41,33,29,34,31,7,29,41,3,2,24,18,24,14,4,34,5,4,2,37,4,5,14,32,11,23,29,33,33,29,29,9,33,1,35,8,29,20,38,32,12,32,5,7,12,13,13,24
"99",23,31,1,26,5,29,23,26,33,26,1,17,35,40,23,23,23,1,23,40,23,16,16,20,17,2,23,32,14,2,2,21,11,6,7,41,33,29,34,31,7,29,41,3,2,19,18,19,14,4,34,5,4,2,37,4,5,14,32,11,23,29,33,33,29,29,9,33,1,35,8,29,20,38,32,12,32,5,7,12,13,13,19
"100",15,31,1,26,5,29,23,26,33,15,1,30,35,40,23,30,15,1,36,40,16,16,16,20,15,2,36,32,14,2,2,21,11,6,7,41,33,29,34,31,7,29,41,3,2,39,18,39,14,4,34,5,4,2,37,4,5,14,32,11,15,29,33,33,29,29,9,33,1,35,8,29,20,11,32,12,32,5,7,12,13,13,39
