"","V1","V2","V3","V4","V5","V6","V7","V8","V9","V10","V11"
"1",1,2,3,4,5,6,7,8,9,10,11
"2",1,2,3,4,5,6,7,8,9,10,11
"3",1,2,3,4,5,6,7,8,9,10,11
"4",1,2,3,4,5,6,7,8,9,10,11
"5",1,2,3,4,5,6,7,8,9,10,11
"6",1,2,3,4,5,6,7,8,9,10,11
"7",1,2,3,4,5,6,7,8,9,10,11
"8",1,2,3,4,5,6,7,8,9,10,11
"9",1,2,3,4,5,6,7,8,9,10,11
"10",1,2,3,4,5,6,7,8,9,10,11
"11",1,2,3,4,5,6,7,8,9,10,11
"12",1,2,3,4,5,6,7,8,9,10,11
"13",1,2,3,4,5,6,7,8,9,10,11
"14",1,2,3,4,5,6,7,8,9,10,11
"15",1,2,3,4,5,6,7,8,9,10,11
"16",1,2,3,4,5,6,7,8,9,10,11
"17",1,2,3,4,5,6,7,8,9,10,11
"18",1,2,3,4,5,6,7,8,9,10,11
"19",1,2,3,4,5,6,7,8,9,10,11
"20",1,2,3,4,5,6,7,8,9,10,11
"21",1,2,3,4,5,6,7,8,9,10,11
"22",1,2,3,4,5,6,7,8,9,10,11
"23",1,2,3,4,5,6,7,8,9,10,11
"24",1,2,3,4,5,6,7,8,9,10,11
"25",1,2,3,4,5,6,7,8,9,10,11
"26",1,2,3,4,5,6,7,8,9,10,11
"27",1,2,3,4,5,6,7,8,9,10,11
"28",1,2,3,4,5,6,7,8,9,10,11
"29",1,2,3,4,5,6,7,8,9,10,11
"30",1,2,3,4,5,6,7,8,9,10,11
"31",1,2,3,4,5,6,7,8,9,10,11
"32",1,2,3,4,5,6,7,8,9,10,11
"33",1,2,3,4,5,6,7,8,9,10,11
"34",1,2,3,4,5,6,7,8,9,10,11
"35",1,2,3,4,5,6,7,8,9,10,11
"36",1,2,3,4,5,6,7,8,9,10,11
"37",1,2,3,4,5,6,7,8,9,10,11
"38",1,2,3,4,5,6,7,8,9,10,11
"39",1,2,3,4,5,6,7,8,9,10,11
"40",1,2,3,4,5,6,7,8,9,10,11
"41",1,2,3,4,5,6,7,8,9,10,11
"42",1,2,3,4,5,6,7,8,9,10,11
"43",1,2,3,4,5,6,7,8,9,10,11
"44",1,2,3,4,5,6,7,8,9,10,11
"45",1,2,3,4,5,6,7,8,9,10,11
"46",1,2,3,4,5,6,7,8,9,10,11
"47",1,2,3,4,5,6,7,8,9,10,11
"48",1,2,3,4,5,6,7,8,9,10,11
"49",1,2,3,4,5,6,7,8,9,10,11
"50",1,2,3,4,5,6,7,8,9,10,11
"51",1,2,3,4,5,6,7,8,9,10,11
"52",1,2,3,4,5,6,7,8,9,10,11
"53",1,2,3,4,5,6,7,8,9,10,11
"54",1,2,3,4,5,6,7,8,9,10,11
"55",1,2,3,4,5,6,7,8,9,10,11
"56",1,2,3,4,5,6,7,8,9,10,11
"57",1,2,3,4,5,6,7,8,9,10,11
"58",1,2,3,4,5,6,7,8,9,10,11
"59",1,2,3,4,5,6,7,8,9,10,11
"60",1,2,3,4,5,6,7,8,9,10,11
"61",1,2,3,4,5,6,7,8,9,10,11
"62",1,2,3,4,5,6,7,8,9,10,11
"63",1,2,3,4,5,6,7,8,9,10,11
"64",1,2,3,4,5,6,7,8,9,10,11
"65",1,2,3,4,5,6,7,8,9,10,11
"66",1,2,3,4,5,6,7,8,9,10,11
"67",1,2,3,4,5,6,7,8,9,10,11
"68",1,2,3,4,5,6,7,8,9,10,11
"69",1,2,3,4,5,6,7,8,9,10,11
"70",1,2,3,4,5,6,7,8,9,10,11
"71",1,2,3,4,5,6,7,8,9,10,11
"72",1,2,3,4,5,6,7,8,9,10,11
"73",1,2,3,4,5,6,7,8,9,10,11
"74",1,2,3,4,5,6,7,8,9,10,11
"75",1,2,3,4,5,6,7,8,9,10,11
"76",1,2,3,4,5,6,7,8,9,10,11
"77",1,2,3,4,5,6,7,8,9,10,11
"78",1,2,3,4,5,6,7,8,9,10,11
"79",1,2,3,4,5,6,7,8,9,10,11
"80",1,2,3,4,5,6,7,8,9,10,11
"81",1,2,3,4,5,6,7,8,9,10,11
"82",1,2,3,4,5,6,7,8,9,10,11
"83",1,2,3,4,5,6,7,8,9,10,11
"84",1,2,3,4,5,6,7,8,9,10,11
"85",1,2,3,4,5,6,7,8,9,10,11
"86",1,2,3,4,5,6,7,8,9,10,11
"87",1,2,3,4,5,6,7,8,9,10,11
"88",1,2,3,4,5,6,7,8,9,10,11
"89",1,2,3,4,5,6,7,8,9,10,11
"90",1,2,3,4,5,6,7,8,9,10,11
"91",1,2,3,4,5,6,7,8,9,10,11
"92",1,2,3,4,5,6,7,8,9,10,11
"93",1,2,3,4,5,6,7,8,9,10,11
"94",1,2,3,4,5,6,7,8,9,10,11
"95",1,2,3,4,5,6,7,8,9,10,11
"96",1,2,3,4,5,6,7,8,9,10,11
"97",1,2,3,4,5,6,7,8,9,10,11
"98",1,2,3,4,5,6,7,8,9,10,11
"99",1,2,3,4,5,6,7,8,9,10,11
"100",1,2,3,4,5,6,7,8,9,10,11
